codigo_ibge,anomes_s,formento_qtd_fam_benef_indinegas_i,formento_qtd_fam_benef_quilombolas_i,formento_qtd_fam_benef_ciganas_i,formento_qtd_fam_benef_comun_terreiro_i,formento_qtd_fam_benef_extrativistas_i,formento_qtd_fam_benef_pescadores_artesanais_i,formento_qtd_fam_benef_ribeirinhas_i,formento_qtd_fam_benef_agrilcultores_familiares_i,formento_qtd_fam_benef_assentados_ref_agraria_i,formento_qtd_fam_benef_acampados_rurais_i,formento_qtd_fam_benef_credito_fundiario_i,formento_qtd_fam_benef_atingidas_empr_infra_i,formento_qtd_fam_benef_presos_sist_carcerario_i,formento_qtd_fam_benef_catadores_material_reciclado_i,formento_qtd_total_familias_benef_i
150010,202212,0,0,0,0,0,1,0,0,0,0,0,0,0,0,1
150060,202212,0,0,0,0,0,0,0,0,1,0,0,0,0,0,1
150130,202212,0,0,0,0,0,0,0,2,0,0,0,0,0,0,2
150210,202212,0,0,0,0,0,1,0,0,0,0,0,0,0,0,1
150230,202212,0,0,0,0,0,0,0,3,0,0,0,0,0,0,3
150310,202212,0,1,0,0,0,0,0,0,0,0,0,0,0,0,1
150320,202212,0,0,0,0,0,0,0,1,0,0,0,0,0,0,1
150460,202212,0,1,0,0,0,0,0,0,0,0,0,0,0,0,1
150548,202212,0,0,0,0,0,0,0,1,0,0,0,0,0,0,1
150650,202212,0,0,0,0,0,0,0,1,0,0,0,0,0,0,1
150740,202212,0,0,0,0,0,0,0,1,0,0,0,0,0,0,1
150796,202212,0,0,0,0,0,0,0,1,0,0,0,0,0,0,1
250800,202212,0,0,0,0,0,0,0,1,0,0,0,0,0,0,1
250960,202212,0,0,0,0,0,0,0,1,0,0,0,0,0,0,1
270310,202212,0,0,0,0,0,0,0,1,0,0,0,0,0,0,1
270710,202212,0,0,0,0,0,0,0,1,0,0,0,0,0,0,1
310730,202212,0,0,0,0,0,0,0,1,0,0,0,0,0,0,1
313200,202212,0,0,0,0,0,0,0,1,0,0,0,0,0,0,1
313810,202212,0,0,0,0,0,0,0,1,0,0,0,0,0,0,1
314345,202212,0,0,0,0,0,0,0,1,0,0,0,0,0,0,1
430350,202212,0,0,0,0,0,0,0,1,0,0,0,0,0,0,1
430463,202212,0,0,0,0,0,0,0,1,0,0,0,0,0,0,1
430471,202212,0,0,0,0,0,0,0,1,0,0,0,0,0,0,1
430607,202212,0,0,0,0,0,0,0,2,0,0,0,0,0,0,2
431050,202212,2,0,0,0,0,0,0,0,0,0,0,0,0,0,2
431160,202212,2,0,0,0,0,0,0,0,0,0,0,0,0,0,2
431365,202212,0,0,0,0,0,6,0,6,1,0,0,0,0,0,13
431450,202212,0,0,0,0,0,0,0,1,0,0,0,0,0,0,1
431460,202212,0,0,0,0,0,0,0,0,1,0,0,0,0,0,1
431490,202212,25,0,0,0,0,4,1,4,0,0,0,0,0,0,34
431540,202212,28,0,0,0,0,0,0,0,0,0,0,0,0,0,28
431710,202212,0,0,0,0,0,0,0,1,0,0,0,0,0,0,1
431915,202212,12,0,0,0,0,0,0,0,0,0,0,0,0,0,12
432140,202212,14,0,0,0,0,0,0,1,0,0,0,0,0,0,15
432150,202212,1,0,0,0,0,0,0,0,0,0,0,0,0,0,1
432190,202212,1,0,0,0,0,0,0,0,0,0,0,0,0,0,1
432310,202212,12,0,0,0,0,0,0,0,0,0,0,0,0,0,12
510160,202212,0,0,0,0,0,2,0,2,0,0,0,0,0,0,4
510335,202212,1,0,0,0,0,0,0,0,0,0,0,0,0,0,1
510340,202212,0,0,0,0,0,0,0,1,0,0,0,0,0,0,1
510562,202212,0,0,0,0,0,0,0,1,0,0,0,0,0,0,1
510770,202212,0,0,0,0,0,0,0,26,4,1,0,0,0,0,31
510780,202212,0,0,0,0,0,0,0,1,0,0,0,0,0,0,1
150060,202210,6,0,0,0,0,0,0,1,0,0,0,0,0,0,7
150740,202210,0,0,0,0,0,0,0,1,0,0,0,0,0,0,1
210020,202210,0,41,0,0,0,1,0,4,0,0,0,0,0,0,46
210060,202210,28,0,0,0,0,0,0,3,0,0,0,0,0,0,31
210100,202210,0,0,0,0,0,0,1,1,0,0,0,0,0,0,2
210170,202210,0,0,0,0,0,12,1,27,0,0,0,0,0,0,40
210193,202210,0,0,0,0,0,0,0,4,0,0,0,0,0,0,4
210200,202210,5,0,0,0,0,0,0,0,0,0,0,0,0,0,5
210235,202210,0,0,0,0,0,0,0,1,0,0,0,0,0,0,1
210237,202210,0,0,0,0,0,2,0,17,0,0,0,0,0,0,19
210280,202210,0,0,0,0,0,0,0,11,0,0,0,0,0,0,11
210330,202210,0,0,0,0,1,0,0,0,0,0,0,0,0,0,1
210540,202210,0,1,0,0,0,0,0,1,0,0,0,0,0,0,2
210550,202210,0,0,0,0,0,0,0,1,0,0,0,0,0,0,1
210590,202210,0,0,0,0,0,0,0,2,0,0,0,0,0,0,2
210830,202210,0,1,0,0,0,0,0,6,0,0,0,0,0,0,7
210840,202210,0,1,0,0,0,0,0,1,0,0,0,0,0,0,2
210845,202210,0,0,0,0,0,0,0,1,0,0,0,0,0,0,1
211020,202210,0,0,0,0,0,0,0,3,0,0,0,0,0,0,3
211040,202210,0,1,0,0,0,4,0,22,0,0,0,0,0,0,27
211125,202210,0,0,0,0,0,0,0,29,0,0,0,0,0,0,29
250077,202210,0,0,0,0,0,0,0,16,0,0,0,0,0,0,16
250205,202210,0,0,0,0,0,0,0,20,0,0,0,0,0,0,20
250440,202210,0,0,0,0,0,0,0,20,0,0,0,0,0,0,20
250520,202210,0,0,0,0,0,0,0,2,0,0,0,0,0,0,2
250530,202210,0,0,0,0,0,0,0,1,0,0,0,0,0,0,1
250680,202210,0,1,0,0,0,0,0,0,0,0,0,0,0,0,1
250740,202210,0,0,0,0,0,0,0,1,0,0,0,0,0,0,1
250790,202210,0,0,0,0,0,0,0,14,0,0,0,0,0,0,14
250900,202210,0,0,0,0,0,0,0,1,0,0,0,0,0,0,1
251210,202210,0,0,0,0,0,0,0,1,0,0,0,0,0,0,1
251230,202210,0,0,0,0,0,0,0,1,0,0,0,0,0,0,1
251275,202210,0,15,0,0,0,0,0,2,0,0,0,0,0,0,17
251335,202210,0,0,0,0,0,0,0,20,0,0,0,0,0,0,20
251390,202210,0,1,0,0,0,0,0,0,0,0,0,0,0,0,1
251445,202210,0,0,0,0,0,0,0,19,0,0,0,0,0,0,19
310250,202210,0,0,0,0,0,0,0,1,0,0,0,0,0,0,1
311330,202210,0,0,0,0,0,0,0,3,0,0,0,0,0,0,3
314900,202210,0,0,0,0,0,0,0,5,0,0,0,0,0,0,5
510035,202210,1,0,0,0,0,0,0,0,0,0,0,0,0,0,1
510160,202210,0,0,0,0,0,1,0,1,0,0,0,0,0,0,2
510340,202210,0,0,0,0,0,0,0,1,0,0,0,0,0,0,1
510780,202210,0,0,0,0,0,1,0,8,0,0,0,0,0,0,9
510795,202210,0,0,0,0,0,0,0,0,1,0,0,0,0,0,1
110020,202209,0,0,0,0,0,0,1,13,0,0,0,0,0,0,14
110037,202209,0,0,0,0,0,0,0,5,0,8,0,0,0,0,13
110180,202209,0,0,0,0,0,0,0,5,0,0,0,0,0,0,5
150150,202209,0,0,0,0,0,0,0,1,0,0,0,0,0,0,1
150410,202209,0,0,0,0,0,0,0,1,0,0,0,0,0,0,1
150746,202209,0,0,0,0,0,0,0,1,0,0,0,0,0,0,1
220213,202209,0,3,0,0,0,0,0,14,0,0,0,0,0,0,17
220500,202209,0,0,0,0,0,0,0,1,0,0,0,0,0,0,1
220793,202209,0,0,0,0,0,0,0,28,0,0,0,0,0,0,28
230040,202209,0,0,0,0,0,0,0,34,0,0,0,0,0,0,34
230070,202209,0,0,0,0,0,0,0,52,0,0,0,0,0,0,52
230200,202209,0,0,0,0,0,0,0,20,0,0,0,0,0,0,20
230320,202209,0,0,0,0,0,0,0,53,2,0,0,0,0,0,55
230480,202209,0,0,0,0,0,0,0,48,0,0,0,0,0,0,48
230600,202209,0,6,0,0,0,0,0,23,0,0,0,0,0,0,29
230690,202209,0,0,0,0,0,0,0,65,0,0,0,0,0,0,65
230710,202209,0,3,0,0,0,0,0,35,0,0,0,0,0,0,38
230720,202209,0,0,0,0,0,0,0,44,0,0,0,0,0,0,44
230920,202209,0,0,0,0,0,0,0,41,0,0,0,0,0,0,41
231030,202209,0,7,0,0,0,0,0,117,2,0,0,0,0,1,127
231060,202209,0,0,0,0,0,0,0,40,0,0,0,0,0,1,41
231080,202209,0,0,0,0,0,0,0,49,0,0,0,0,0,0,49
231123,202209,0,0,0,0,0,0,0,30,0,0,0,0,0,0,30
251230,202209,0,0,0,0,0,0,0,1,0,0,0,0,0,0,1
314620,202209,0,2,0,0,0,0,0,1,0,0,0,0,0,0,3
410490,202209,0,0,0,0,0,0,0,7,0,0,0,0,0,0,7
410500,202209,0,0,0,0,0,0,0,1,0,2,0,0,0,0,3
410715,202209,0,0,0,0,0,0,0,5,0,0,0,0,0,0,5
411440,202209,0,0,0,0,0,0,0,1,0,0,0,0,0,0,1
411510,202209,0,0,0,0,0,0,0,1,0,0,0,0,0,0,1
411730,202209,17,0,0,0,0,0,0,0,0,0,0,0,0,0,17
412175,202209,0,19,0,0,0,0,0,0,0,0,0,0,0,0,19
412785,202209,0,0,0,0,0,0,0,10,0,0,0,0,0,0,10
412796,202209,60,0,0,0,0,0,0,8,0,0,0,0,0,0,68
420180,202209,0,0,0,0,0,0,0,1,0,0,0,0,0,0,1
420230,202209,32,0,0,0,0,0,0,3,0,0,0,0,0,0,35
420380,202209,0,0,0,0,0,0,0,1,0,0,0,0,0,0,1
420540,202209,0,0,0,0,0,1,0,0,0,0,0,0,0,0,1
420570,202209,0,1,0,0,0,0,0,0,0,0,0,0,0,0,1
420810,202209,0,0,0,0,0,0,0,7,0,0,0,0,0,0,7
420930,202209,0,0,0,0,0,0,0,1,0,0,0,0,0,0,1
421270,202209,0,0,0,0,0,0,0,1,0,0,0,0,0,0,1
421680,202209,0,0,0,0,0,0,0,1,0,0,0,0,0,0,1
421915,202209,0,0,0,0,0,0,0,1,0,0,0,0,0,0,1
430190,202209,3,0,0,0,0,0,0,0,0,0,0,0,0,0,3
430350,202209,0,0,0,0,0,0,0,1,0,0,0,0,0,0,1
430471,202209,0,0,0,0,0,0,0,2,0,0,0,0,0,0,2
430605,202209,1,1,0,0,0,0,0,3,0,0,0,0,0,0,5
431050,202209,34,0,0,0,0,0,0,1,0,0,0,0,0,0,35
431160,202209,20,0,0,0,0,0,0,17,0,0,0,0,0,0,37
431460,202209,0,0,0,0,0,0,0,0,1,0,0,0,0,0,1
431540,202209,15,0,0,0,0,0,0,0,0,0,0,0,0,0,15
432140,202209,14,0,0,0,0,0,0,0,0,0,0,0,0,0,14
432185,202209,1,0,0,0,0,0,0,0,0,0,0,0,0,0,1
530010,202209,0,0,0,0,0,0,0,8,0,0,0,0,0,0,8
150090,202208,0,0,0,0,0,2,0,4,0,0,0,0,0,0,6
150170,202208,0,0,0,0,0,0,0,1,0,0,0,0,0,0,1
520010,202208,0,0,0,0,0,0,0,1,0,0,0,0,0,0,1
520549,202208,0,1,0,0,0,0,0,0,0,0,0,0,0,0,1
520551,202208,0,0,0,0,0,0,0,4,2,0,0,0,0,0,6
520580,202208,0,0,0,0,0,0,0,4,0,0,0,0,0,0,4
520790,202208,0,0,0,0,0,0,0,0,2,0,0,0,0,0,2
520800,202208,0,0,0,0,0,0,0,3,9,2,0,0,0,0,14
521250,202208,0,0,0,0,0,0,0,7,0,0,0,0,0,0,7
521350,202208,0,2,0,0,0,0,0,0,0,0,0,0,0,0,2
521730,202208,0,0,0,0,0,0,0,3,0,0,0,0,0,0,3
521975,202208,0,0,0,0,0,0,0,4,0,0,0,0,0,0,4
521980,202208,0,0,0,0,0,0,0,2,0,0,0,0,0,0,2
522220,202208,0,0,0,0,0,0,0,0,4,0,0,0,0,0,4
150270,202207,0,0,0,0,0,0,0,1,0,0,0,0,0,0,1
150740,202207,0,0,0,0,0,0,0,1,0,0,0,0,0,0,1
160030,202207,0,0,0,0,0,0,1,3,0,0,0,0,0,0,4
160040,202207,0,0,0,0,0,0,0,1,0,0,0,0,0,0,1
160060,202207,0,3,0,0,0,0,0,0,0,0,0,0,0,0,3
250050,202207,0,0,0,0,0,0,0,22,0,0,0,0,0,0,22
250290,202207,0,0,0,0,0,0,0,21,0,0,0,0,0,0,21
250450,202207,0,0,0,0,0,0,0,19,0,0,0,0,0,0,19
250520,202207,0,0,0,0,0,0,0,23,0,0,0,0,0,0,23
250530,202207,0,0,0,0,0,0,0,9,0,0,0,0,0,0,9
250670,202207,0,0,0,0,0,0,0,9,0,0,0,0,0,0,9
250740,202207,0,0,0,0,0,0,0,3,0,0,0,0,0,0,3
250900,202207,0,7,0,0,0,0,0,9,0,0,0,0,0,0,16
251090,202207,0,0,0,0,0,0,0,14,1,0,0,0,0,0,15
251203,202207,0,0,0,0,0,0,0,19,0,0,0,0,0,0,19
251207,202207,0,0,0,0,0,0,0,24,0,0,0,0,0,0,24
251210,202207,0,0,0,0,0,0,0,5,0,0,0,0,0,0,5
251230,202207,0,0,0,0,0,0,0,4,0,0,0,0,0,0,4
251320,202207,0,0,0,0,0,0,0,18,0,0,0,0,0,0,18
251390,202207,0,4,0,0,0,0,0,25,0,0,0,0,0,0,29
251396,202207,0,0,0,0,0,0,0,16,1,0,0,0,0,0,17
251398,202207,0,0,0,0,0,0,0,5,0,0,0,0,0,0,5
251430,202207,0,0,0,0,0,2,0,18,0,0,0,0,0,0,20
251660,202207,0,2,0,0,0,0,0,3,0,0,0,0,0,0,5
251670,202207,0,0,0,0,0,0,0,1,0,0,0,0,0,0,1
251680,202207,0,0,0,0,0,0,0,16,0,0,0,0,0,0,16
270240,202207,0,0,0,0,0,0,0,1,0,0,0,0,0,0,1
270310,202207,0,0,0,0,0,0,0,1,0,0,0,0,0,0,1
270580,202207,0,0,0,0,0,0,0,1,0,0,0,0,0,0,1
270642,202207,0,0,0,0,0,0,0,1,0,0,0,0,0,0,1
270920,202207,0,0,0,0,0,0,0,1,0,0,0,0,0,0,1
310470,202207,0,0,0,0,0,0,0,1,0,0,0,0,0,0,1
312800,202207,0,0,0,0,0,0,0,1,0,0,0,0,0,0,1
410310,202207,0,0,0,0,0,0,0,1,0,0,0,0,0,0,1
410445,202207,0,0,0,0,0,0,0,9,0,0,0,0,0,0,9
410600,202207,0,0,0,0,0,0,0,0,1,0,0,0,0,0,1
410870,202207,0,0,0,0,0,0,0,1,0,0,0,0,0,0,1
410880,202207,4,0,0,0,0,0,0,0,0,0,0,0,0,0,4
411370,202207,1,0,0,0,0,0,0,0,0,0,0,0,0,0,1
411440,202207,1,0,0,0,0,0,0,1,0,0,0,0,0,0,2
411760,202207,0,0,0,0,0,0,0,1,0,0,0,0,0,0,1
412175,202207,0,3,0,0,0,0,0,0,0,0,0,0,0,0,3
412470,202207,0,0,0,0,0,0,0,1,0,0,0,0,0,0,1
412667,202207,25,0,0,0,0,0,0,1,0,0,0,0,0,0,26
412740,202207,8,0,0,0,0,0,0,2,0,0,0,0,0,0,10
412863,202207,0,0,0,0,0,0,0,5,0,0,0,0,0,0,5
420050,202207,0,0,0,0,0,0,0,1,0,0,0,0,0,0,1
420209,202207,0,0,0,0,0,0,0,3,0,0,0,0,0,0,3
420350,202207,0,0,0,0,0,0,0,2,0,0,0,0,0,0,2
420420,202207,6,0,0,0,0,0,0,0,0,0,0,0,0,0,6
420500,202207,0,0,0,0,0,0,0,2,0,0,0,0,0,0,2
420517,202207,1,0,0,0,0,0,0,1,0,0,0,0,0,0,2
420555,202207,0,0,0,0,0,0,0,0,1,0,0,0,0,0,1
420720,202207,4,0,0,0,0,0,0,3,0,0,0,0,0,0,7
420768,202207,2,0,0,0,0,0,0,0,0,0,0,0,0,0,2
421010,202207,0,0,0,0,0,0,0,1,0,0,0,0,0,0,1
421175,202207,0,0,0,0,0,0,0,1,0,0,0,0,0,0,1
421200,202207,0,0,0,0,0,0,0,1,0,0,0,0,0,0,1
421223,202207,0,0,0,0,0,0,0,1,0,0,0,0,0,0,1
421330,202207,0,0,0,0,0,0,0,1,0,0,0,0,0,0,1
421380,202207,0,1,0,0,0,0,0,0,0,0,0,0,0,0,1
421507,202207,0,0,0,0,0,0,0,1,0,0,0,0,0,0,1
421620,202207,0,0,0,0,0,0,0,1,0,0,0,0,0,0,1
421935,202207,0,0,0,0,0,0,0,1,0,0,0,0,0,0,1
430063,202207,0,0,0,0,0,0,0,1,0,0,0,0,0,0,1
430190,202207,4,0,0,0,0,0,0,1,0,0,0,0,0,0,5
430350,202207,0,0,0,0,0,0,0,2,0,0,0,0,0,0,2
430512,202207,0,0,0,0,0,0,0,1,0,0,0,0,0,0,1
430545,202207,0,0,0,0,0,0,0,3,0,0,0,0,0,1,4
430607,202207,0,0,0,0,0,0,0,1,0,0,0,0,0,0,1
430930,202207,0,0,0,0,0,0,0,1,0,0,0,0,0,0,1
431085,202207,0,0,0,0,0,0,0,2,0,0,0,0,0,0,2
431540,202207,6,0,0,0,0,0,0,0,0,0,0,0,0,0,6
431760,202207,0,0,0,0,0,0,0,2,0,0,0,0,0,0,2
432140,202207,14,0,0,0,0,0,0,0,0,0,0,0,0,0,14
432150,202207,0,0,0,0,0,0,0,1,0,0,0,0,0,0,1
510035,202207,10,0,0,0,0,0,0,1,0,0,0,0,0,0,11
510160,202207,0,0,0,0,0,0,0,1,0,0,0,0,0,0,1
510180,202207,1,0,0,0,0,0,0,0,0,0,0,0,0,0,1
510325,202207,0,0,0,0,0,0,0,4,0,0,0,0,0,0,4
510677,202207,0,0,0,0,0,0,0,1,0,0,0,0,0,0,1
510840,202207,0,0,0,0,0,0,0,4,0,0,0,0,0,0,4
520010,202207,0,0,0,0,0,0,0,1,0,0,0,0,0,0,1
521250,202207,0,0,0,0,0,0,0,1,0,0,0,0,0,0,1
521730,202207,0,0,0,0,0,0,0,1,0,0,0,0,0,0,1
522220,202207,0,0,0,0,0,0,0,0,1,0,0,0,0,0,1
530010,202207,0,0,0,0,0,0,0,2,5,0,0,0,0,0,7
110004,202206,1,0,0,0,0,0,0,0,0,0,0,0,0,0,1
150410,202206,0,0,0,0,0,0,0,1,0,0,0,0,0,0,1
150619,202206,0,0,0,0,0,0,0,1,0,0,0,0,0,0,1
160010,202206,0,0,0,0,0,0,0,2,0,0,0,0,0,0,2
160030,202206,0,2,0,0,0,2,3,32,3,0,0,0,0,0,42
160040,202206,0,0,0,0,2,3,3,22,65,0,0,0,0,0,95
160060,202206,0,27,0,0,1,0,0,15,0,0,0,0,0,0,43
172110,202206,1,0,0,0,0,0,0,0,0,0,0,0,0,0,1
210020,202206,0,3,0,0,0,0,0,0,0,0,0,0,0,0,3
210140,202206,0,0,0,0,0,0,0,1,0,0,0,0,0,0,1
210193,202206,0,0,0,0,0,0,0,2,0,0,0,0,0,0,2
210330,202206,0,0,0,0,0,0,0,2,0,0,0,0,0,0,2
210370,202206,0,1,0,0,0,0,0,1,0,0,0,0,0,0,2
210375,202206,0,0,0,0,0,0,0,1,0,0,0,0,0,0,1
210650,202206,0,1,0,0,0,0,0,0,0,0,0,0,0,0,1
250010,202206,0,0,0,0,0,0,0,30,0,0,0,0,0,0,30
250290,202206,0,0,0,0,0,0,0,1,0,0,0,0,0,0,1
250430,202206,0,0,0,0,0,0,0,25,0,0,0,0,0,0,25
250670,202206,0,0,0,0,0,0,0,9,0,0,0,0,0,0,9
250800,202206,0,0,0,0,0,0,0,16,0,0,0,0,0,0,16
250810,202206,0,0,0,0,0,0,0,6,0,0,0,0,0,0,6
250900,202206,0,3,0,0,0,0,0,9,0,0,0,0,0,0,12
250939,202206,0,0,0,0,0,0,0,18,0,0,0,0,0,0,18
251090,202206,0,0,0,0,0,0,0,6,0,0,0,0,0,0,6
251203,202206,0,0,0,0,0,0,0,1,0,0,0,0,0,0,1
251210,202206,0,5,0,0,0,0,0,14,0,0,0,0,0,0,19
251230,202206,0,0,0,0,0,0,0,24,0,0,0,0,0,0,24
251398,202206,0,0,0,0,0,0,0,15,0,0,0,0,0,0,15
251660,202206,0,1,0,0,0,0,0,14,0,0,0,0,0,0,15
251670,202206,0,0,0,0,0,0,0,17,0,0,0,0,0,0,17
251680,202206,0,0,0,0,0,0,0,1,0,0,0,0,0,0,1
260090,202206,0,0,0,0,0,0,0,1,0,0,0,0,0,0,1
260250,202206,0,0,0,0,0,0,0,2,0,0,0,0,0,0,2
260600,202206,0,0,0,0,0,0,0,6,0,0,0,0,0,0,6
260700,202206,0,0,0,0,0,0,0,1,0,0,0,0,0,0,1
270800,202206,0,0,0,0,0,0,0,1,0,0,0,0,0,0,1
310440,202206,0,0,0,0,0,0,0,1,0,0,0,0,0,0,1
311170,202206,0,0,0,0,0,0,0,4,0,0,0,0,0,0,4
311350,202206,0,0,0,0,0,0,0,1,0,0,0,0,0,0,1
317000,202206,0,0,0,0,0,0,0,2,0,0,0,0,0,0,2
412440,202206,0,0,0,0,0,0,0,1,0,0,0,0,0,0,1
412780,202206,1,0,0,0,0,0,0,0,0,0,0,0,0,0,1
412863,202206,0,0,0,0,0,0,0,1,0,0,0,0,0,0,1
420455,202206,0,0,0,0,0,0,0,3,0,0,0,0,0,0,3
420500,202206,0,0,0,0,0,0,0,2,0,0,0,0,0,0,2
420517,202206,1,0,0,0,0,0,0,2,0,0,0,0,0,0,3
420720,202206,2,0,0,0,0,0,0,0,0,0,0,0,0,0,2
420768,202206,6,0,0,0,0,0,0,0,0,0,0,0,0,0,6
420930,202206,0,0,0,0,0,0,0,2,0,0,0,0,0,0,2
421270,202206,0,0,0,0,0,0,0,4,0,0,0,0,0,0,4
421330,202206,0,0,0,0,0,0,0,1,0,0,0,0,0,0,1
421380,202206,0,1,0,0,0,0,0,0,0,0,0,0,0,0,1
421507,202206,0,0,0,0,0,0,0,2,0,0,0,0,0,0,2
421680,202206,0,0,0,0,0,0,0,2,0,0,0,0,0,0,2
421935,202206,1,0,0,0,0,0,0,1,0,0,0,0,0,0,2
430190,202206,1,0,0,0,0,0,0,0,0,0,0,0,0,0,1
430471,202206,0,0,0,0,0,0,0,1,0,0,0,0,0,0,1
430605,202206,0,1,0,0,0,0,0,0,0,0,0,0,0,0,1
520010,202206,0,0,0,0,0,0,0,1,0,0,0,0,0,0,1
521250,202206,0,0,0,0,0,0,0,2,0,0,0,0,0,0,2
521270,202206,0,0,0,0,0,0,0,1,0,0,0,0,0,0,1
530010,202206,0,0,0,0,0,0,0,2,2,0,0,0,0,0,4
150746,202205,0,0,0,0,0,18,0,44,0,0,0,0,0,0,62
210100,202205,0,11,0,0,0,14,0,11,0,0,0,0,0,0,36
210200,202205,17,0,0,0,0,0,0,1,0,0,0,0,0,0,18
210490,202205,0,1,0,0,0,0,0,0,0,0,0,0,0,0,1
210510,202205,0,1,0,0,0,0,0,8,0,0,0,0,0,0,9
210590,202205,0,0,0,0,0,0,0,8,0,0,0,0,0,0,8
210830,202205,0,3,0,0,0,0,0,6,0,0,0,0,0,0,9
211020,202205,0,0,0,0,0,0,0,3,0,0,0,0,0,0,3
211290,202205,0,19,0,1,1,8,0,10,0,0,0,0,0,0,39
260600,202205,0,2,0,0,0,0,0,57,0,0,0,0,0,0,59
270840,202205,0,0,0,0,0,0,0,1,0,0,0,0,0,0,1
290020,202205,0,0,0,0,0,0,0,33,1,0,0,0,0,0,34
291140,202205,15,0,0,0,0,0,0,1,0,0,0,0,0,0,16
292710,202205,7,0,0,0,0,0,0,0,0,1,0,0,0,0,8
411705,202205,29,0,0,0,0,0,0,1,0,0,0,0,0,0,30
412470,202205,1,0,0,0,0,0,0,0,0,0,0,0,0,0,1
431177,202205,0,1,0,0,0,0,0,0,0,0,0,0,0,0,1
431840,202205,0,0,0,0,0,0,0,1,0,0,0,0,0,0,1
432150,202205,1,0,0,0,0,0,0,1,0,0,0,0,0,0,2
520010,202205,0,0,0,0,0,0,0,8,0,0,0,0,0,0,8
520017,202205,0,0,0,0,0,0,0,1,0,0,0,0,0,0,1
520030,202205,0,0,0,0,0,0,0,9,0,0,0,0,0,0,9
520080,202205,0,0,0,0,0,0,0,5,1,0,0,0,0,0,6
520400,202205,0,0,0,0,0,0,0,1,0,0,0,0,0,0,1
520549,202205,0,5,0,0,0,0,0,4,1,0,0,0,0,0,10
520551,202205,0,0,0,0,0,0,0,13,4,1,0,0,0,0,18
520552,202205,0,0,0,0,0,0,0,1,0,0,0,0,0,0,1
520580,202205,0,0,0,0,0,0,0,4,0,0,0,0,0,0,4
520790,202205,0,0,0,0,0,0,0,0,8,1,0,0,0,0,9
520800,202205,0,0,0,0,0,0,0,6,8,13,0,0,0,0,27
520860,202205,0,0,0,0,0,0,0,2,2,0,0,0,0,0,4
520890,202205,0,0,0,0,0,0,0,0,2,0,0,0,0,0,2
521250,202205,0,0,0,0,0,0,0,12,0,0,0,0,0,0,12
521295,202205,0,0,0,0,0,0,0,2,0,0,0,0,0,0,2
521350,202205,0,3,0,0,0,0,0,1,0,0,0,0,0,0,4
521523,202205,0,0,0,0,0,0,0,1,0,0,0,0,0,0,1
521730,202205,0,0,0,0,0,0,0,13,0,0,0,0,0,0,13
521830,202205,0,0,0,0,0,0,0,8,0,0,0,0,0,0,8
521975,202205,0,0,0,0,0,0,0,14,0,0,0,0,0,0,14
522068,202205,0,0,0,0,0,0,0,8,0,0,0,0,0,0,8
522108,202205,0,0,0,0,0,0,0,1,0,0,0,0,0,0,1
522220,202205,0,0,0,0,0,0,0,0,2,0,0,0,0,0,2
522230,202205,0,0,0,0,0,0,0,1,2,0,0,0,0,0,3
530010,202205,0,0,0,0,0,0,0,2,0,2,0,0,0,0,4
110002,202204,0,0,0,0,0,0,0,1,0,0,0,0,0,0,1
110013,202204,0,0,0,0,0,0,0,7,1,0,0,0,0,0,8
110014,202204,0,0,0,0,0,0,0,1,0,0,0,0,0,0,1
110020,202204,0,0,0,0,0,0,0,1,0,0,0,0,0,0,1
110037,202204,0,0,0,0,0,0,0,12,1,8,0,0,0,0,21
110045,202204,0,0,0,0,0,0,0,1,0,0,0,0,0,0,1
110180,202204,0,0,0,0,0,0,0,8,0,0,0,0,0,0,8
150060,202204,0,0,0,0,0,0,0,1,0,0,0,0,0,0,1
150746,202204,0,0,0,0,0,0,0,1,0,0,0,0,0,0,1
210020,202204,0,20,0,0,0,0,0,1,0,0,0,0,0,0,21
210170,202204,0,5,0,0,0,8,0,12,0,0,0,0,0,1,26
210200,202204,0,0,0,0,0,0,0,1,0,0,0,0,0,0,1
210235,202204,0,0,0,0,0,0,0,3,0,0,0,0,0,0,3
210370,202204,0,1,0,0,0,0,0,1,0,0,0,0,0,0,2
210490,202204,0,12,0,0,0,1,0,2,0,0,0,0,0,0,15
210510,202204,0,0,0,0,0,0,0,1,0,0,0,0,0,0,1
210830,202204,0,0,0,0,0,0,0,1,0,0,0,0,0,0,1
210920,202204,0,2,0,0,0,0,0,3,0,0,0,0,0,0,5
211020,202204,0,3,0,0,0,0,0,4,0,0,0,0,0,0,7
270570,202204,0,0,0,0,0,0,0,1,0,0,0,0,0,0,1
291992,202204,0,0,0,0,0,0,0,1,0,0,0,0,0,0,1
292660,202204,0,0,0,0,0,0,0,1,0,0,0,0,0,0,1
293020,202204,0,0,0,0,0,0,0,1,0,0,0,0,0,0,1
410520,202204,0,0,0,0,0,0,0,4,0,0,0,0,0,0,4
412700,202204,0,0,0,0,0,0,0,0,1,0,0,0,0,0,1
412863,202204,0,0,0,0,0,0,0,2,0,0,0,0,0,0,2
430512,202204,0,0,0,0,0,0,0,1,0,0,0,0,0,0,1
431177,202204,1,0,0,0,0,0,0,0,0,0,0,0,0,0,1
530010,202204,0,0,0,0,0,0,0,11,3,11,0,0,0,0,25
150060,202203,4,0,0,0,0,0,0,0,2,0,0,0,0,0,6
150340,202203,0,0,0,0,0,0,0,1,0,0,0,0,0,0,1
150360,202203,1,0,0,0,0,0,0,0,0,0,0,0,0,0,1
150375,202203,1,0,0,0,0,0,0,0,0,0,0,0,0,0,1
150420,202203,0,0,0,0,0,0,0,3,0,0,0,0,0,0,3
150565,202203,0,0,0,0,0,0,0,2,0,0,0,0,0,0,2
150790,202203,0,0,0,0,0,0,0,1,0,0,0,0,0,0,1
171850,202203,0,0,0,0,0,0,0,1,0,0,0,0,0,0,1
210160,202203,0,0,0,0,0,0,0,1,1,0,0,0,0,0,2
210170,202203,0,0,0,0,0,0,0,1,0,0,0,0,0,0,1
210200,202203,7,0,0,0,0,0,0,0,0,0,0,0,0,0,7
210270,202203,0,1,0,0,0,0,0,0,0,0,0,0,0,0,1
210280,202203,0,0,0,0,0,0,0,37,0,1,0,0,0,0,38
210317,202203,9,0,0,0,0,0,0,0,0,0,0,0,0,0,9
210320,202203,0,1,0,0,0,0,0,0,0,0,0,0,0,0,1
210408,202203,0,0,0,0,0,0,0,1,0,0,0,0,0,0,1
210490,202203,0,6,0,0,0,0,0,2,0,0,0,0,0,0,8
210510,202203,0,1,0,0,0,0,0,19,0,0,0,0,0,0,20
210535,202203,0,0,0,0,0,0,0,1,0,0,0,0,0,0,1
210570,202203,0,0,0,0,0,0,0,1,0,0,0,0,0,0,1
210920,202203,0,1,0,0,0,1,0,8,0,0,0,0,0,0,10
211000,202203,0,0,0,0,0,0,0,1,0,0,0,0,0,0,1
211150,202203,0,0,0,0,0,0,0,1,0,0,0,0,0,0,1
211223,202203,0,0,0,0,0,0,0,1,0,0,0,0,0,0,1
211260,202203,0,0,0,0,0,1,0,12,0,0,0,0,0,0,13
211300,202203,0,0,0,0,1,0,0,2,0,0,0,0,0,0,3
231140,202203,0,0,0,0,0,0,0,2,0,0,0,0,0,0,2
240050,202203,0,0,0,0,0,2,0,1,0,0,0,0,0,0,3
240130,202203,0,0,0,0,0,3,0,40,0,0,0,0,0,0,43
240170,202203,0,1,0,0,0,0,0,0,0,0,0,0,0,0,1
240280,202203,0,0,0,0,0,0,0,1,0,0,0,0,0,0,1
240290,202203,0,0,0,0,0,0,0,3,0,0,0,0,0,0,3
240320,202203,0,0,0,0,0,0,0,1,0,0,0,0,0,0,1
240330,202203,0,0,0,0,0,0,0,3,0,0,0,0,0,0,3
240375,202203,0,0,0,0,0,0,0,1,0,0,0,0,0,0,1
240390,202203,0,0,0,0,0,0,0,6,0,0,0,0,0,0,6
240460,202203,0,0,0,0,0,0,0,3,0,0,0,0,0,0,3
240520,202203,0,0,0,0,0,0,0,19,0,0,0,0,0,0,19
240530,202203,0,0,0,0,0,0,0,1,0,0,0,0,0,0,1
240540,202203,0,0,0,0,0,0,0,2,0,0,0,0,0,0,2
240550,202203,0,0,0,0,0,0,0,2,0,0,0,0,0,0,2
240630,202203,0,0,0,0,0,0,0,1,0,0,0,0,0,0,1
240660,202203,0,0,0,0,0,0,0,1,0,0,0,0,0,0,1
240670,202203,0,0,0,0,0,0,0,9,0,0,0,0,0,0,9
240680,202203,0,0,0,0,0,0,0,1,0,0,0,0,0,0,1
240725,202203,0,0,0,0,0,0,0,2,0,0,0,0,0,0,2
240730,202203,0,0,0,0,0,0,0,3,0,0,0,0,0,0,3
240760,202203,0,0,0,0,0,0,0,26,0,0,0,0,0,0,26
240780,202203,0,0,0,0,0,0,0,3,0,0,0,0,0,0,3
240860,202203,0,0,0,0,0,0,0,4,0,0,0,0,0,0,4
240870,202203,0,0,0,0,0,0,0,4,0,0,0,0,0,0,4
240910,202203,0,0,0,0,0,0,0,7,0,0,0,0,0,0,7
240930,202203,0,0,0,0,0,0,0,2,0,0,0,0,0,0,2
240933,202203,0,0,0,0,0,0,0,1,0,0,0,0,0,0,1
240940,202203,0,0,0,0,0,0,0,2,0,0,0,0,0,0,2
240960,202203,0,0,0,0,0,0,0,6,0,0,0,0,0,0,6
241080,202203,0,0,0,0,0,0,0,3,0,0,0,0,0,0,3
241090,202203,0,0,0,0,0,0,0,5,0,0,0,0,0,0,5
241110,202203,0,0,0,0,0,0,0,1,0,0,0,0,0,0,1
241120,202203,0,0,0,0,0,0,0,4,0,0,0,0,0,0,4
241230,202203,0,0,0,0,0,0,0,3,0,0,0,0,0,0,3
241250,202203,0,0,0,0,0,0,0,6,0,0,0,0,0,0,6
241260,202203,0,0,0,0,0,0,0,7,0,0,0,0,0,1,8
241270,202203,0,0,0,0,0,0,0,1,0,0,0,0,0,0,1
241310,202203,0,0,0,0,0,0,0,4,0,0,0,0,0,0,4
241330,202203,0,0,0,0,0,0,0,1,0,0,0,0,0,0,1
241400,202203,0,0,0,0,0,0,0,13,1,0,0,0,0,0,14
241445,202203,0,0,0,0,0,0,0,3,0,0,0,0,0,0,3
250135,202203,0,0,0,0,0,0,0,1,0,0,0,0,0,0,1
250375,202203,0,1,0,0,0,0,0,1,0,0,0,0,0,0,2
250420,202203,0,0,0,0,0,0,0,1,0,0,0,0,0,0,1
250500,202203,0,0,0,0,0,0,0,2,0,0,0,0,0,0,2
251360,202203,0,0,0,0,0,0,0,1,0,0,0,0,0,0,1
251392,202203,0,0,0,0,0,0,0,1,0,0,0,0,0,0,1
260570,202203,7,0,0,0,0,0,0,2,0,0,0,0,0,0,9
260640,202203,0,0,0,0,0,0,0,1,0,0,0,0,0,0,1
260805,202203,5,0,0,0,0,0,0,0,0,0,0,0,0,0,5
261100,202203,0,1,0,0,0,0,0,0,0,0,0,0,0,0,1
261220,202203,0,0,0,0,0,0,0,1,0,0,0,0,0,0,1
261260,202203,0,1,0,0,0,0,0,1,2,0,0,0,0,0,4
261480,202203,1,0,0,0,0,0,0,0,0,0,0,0,0,0,1
270010,202203,0,1,0,0,0,0,0,0,0,0,0,0,0,0,1
270540,202203,0,0,0,0,0,0,0,1,0,0,0,0,0,0,1
270570,202203,0,0,0,0,0,0,0,1,0,0,0,0,0,0,1
270580,202203,0,0,0,0,0,0,0,2,0,0,0,0,0,0,2
270610,202203,0,0,0,0,0,0,0,1,0,0,0,0,0,0,1
270620,202203,0,4,0,0,0,0,0,1,0,0,0,0,0,0,5
270642,202203,0,2,0,0,0,0,0,1,0,0,0,0,0,0,3
270710,202203,0,0,0,0,0,0,0,1,0,0,0,0,0,0,1
270720,202203,0,0,0,0,0,0,0,1,0,0,0,0,0,0,1
270840,202203,0,0,0,0,0,0,0,1,0,0,0,0,0,0,1
280070,202203,0,0,0,0,0,1,0,2,0,0,0,0,0,0,3
280310,202203,0,0,0,0,0,0,0,1,0,0,0,0,0,0,1
280420,202203,0,0,0,0,0,0,0,19,0,0,0,0,0,0,19
280540,202203,0,43,0,0,0,0,0,64,1,0,0,0,0,0,108
280560,202203,0,2,0,0,0,0,0,3,0,0,0,0,0,0,5
280580,202203,0,0,0,0,0,0,0,3,0,0,0,0,0,0,3
290040,202203,0,0,0,0,0,0,0,1,0,0,0,0,0,0,1
290265,202203,0,8,0,0,0,0,0,6,0,0,0,0,0,0,14
290270,202203,0,0,0,0,0,0,0,2,0,0,0,0,0,0,2
290310,202203,0,0,0,0,0,0,0,10,0,0,0,0,0,0,10
290580,202203,0,1,0,0,0,0,0,3,0,0,0,0,0,0,4
290650,202203,0,0,0,0,0,0,0,1,0,0,0,0,0,0,1
290780,202203,0,0,0,0,0,0,0,7,0,0,0,0,0,0,7
290790,202203,0,3,0,0,0,0,0,6,0,0,0,0,0,0,9
290820,202203,0,0,0,0,0,0,0,1,0,0,0,0,0,0,1
291080,202203,0,0,0,0,0,0,0,1,0,0,0,0,0,0,1
291185,202203,0,0,0,0,0,0,0,7,0,0,0,0,0,0,7
291390,202203,0,0,0,0,0,0,0,12,0,0,0,0,0,0,12
291610,202203,0,0,0,0,0,0,0,1,0,0,0,0,0,0,1
291770,202203,0,0,0,0,0,0,0,10,0,0,0,0,0,0,10
291810,202203,0,1,0,0,0,0,0,7,0,0,0,0,0,0,8
291830,202203,0,0,0,0,0,0,0,13,0,0,0,0,0,0,13
292040,202203,0,0,0,0,0,0,0,6,0,0,0,0,0,0,6
292230,202203,0,0,0,0,0,0,0,1,0,0,0,0,0,0,1
292260,202203,0,0,0,0,0,0,0,1,0,0,0,0,0,0,1
292335,202203,0,0,0,0,0,0,0,2,0,0,0,0,0,0,2
292660,202203,0,0,0,0,0,0,0,9,0,0,0,0,0,0,9
292750,202203,0,0,0,0,0,0,0,1,0,0,0,0,0,0,1
292800,202203,0,0,0,0,0,0,0,1,0,0,0,0,0,0,1
292830,202203,0,0,0,0,0,0,0,1,0,0,0,0,0,0,1
292910,202203,0,0,0,0,0,0,0,1,0,0,0,0,0,0,1
292920,202203,0,0,0,0,0,0,0,2,0,0,0,0,0,0,2
293050,202203,0,0,0,0,0,0,0,1,0,0,0,0,0,0,1
293070,202203,0,1,0,0,0,0,0,0,0,0,0,0,0,0,1
293120,202203,0,2,0,0,0,1,0,5,0,0,0,0,0,0,8
293230,202203,0,0,0,0,0,0,0,7,0,0,0,0,0,0,7
293245,202203,0,0,0,0,0,0,0,16,0,0,0,0,0,0,16
293290,202203,0,0,0,0,0,0,0,1,0,0,0,0,0,0,1
293350,202203,0,1,0,0,0,0,0,5,0,0,0,0,0,0,6
310250,202203,0,0,0,0,0,0,0,1,0,0,0,0,0,0,1
310825,202203,0,3,0,0,0,0,0,1,0,0,0,0,0,0,4
311350,202203,0,0,0,0,0,0,0,1,0,0,0,0,0,0,1
311615,202203,0,1,0,0,0,0,0,0,0,0,0,0,0,0,1
313545,202203,0,1,0,0,0,0,0,1,0,0,0,0,0,0,2
313695,202203,0,0,0,0,0,0,0,1,0,0,0,0,0,0,1
313890,202203,0,0,0,0,0,0,0,1,0,0,0,0,0,0,1
313930,202203,0,0,0,0,0,0,0,1,0,0,0,0,0,0,1
314345,202203,0,0,0,0,0,0,0,2,0,0,0,0,0,0,2
314655,202203,0,0,0,0,0,0,0,1,0,0,0,0,0,0,1
314900,202203,0,0,0,0,0,0,0,1,0,0,0,0,0,0,1
315510,202203,0,0,0,0,0,0,0,1,0,0,0,0,0,0,1
316240,202203,0,0,0,0,0,0,0,6,0,0,0,0,0,0,6
316290,202203,0,0,0,0,0,0,0,1,0,0,0,0,0,0,1
316695,202203,0,0,0,0,0,0,0,2,0,0,0,0,0,0,2
317000,202203,0,0,0,0,0,0,0,2,0,0,0,0,0,0,2
317090,202203,0,0,0,0,0,0,0,2,0,0,0,0,0,0,2
410310,202203,0,0,0,0,0,0,0,2,0,0,0,0,0,0,2
410520,202203,0,0,0,0,0,0,0,1,0,0,0,0,0,0,1
410600,202203,0,0,0,0,0,0,0,1,0,0,0,0,0,0,1
410645,202203,0,0,0,0,0,0,0,5,0,0,0,0,0,0,5
410880,202203,6,0,0,0,0,0,0,0,0,0,0,0,0,0,6
410965,202203,0,0,0,0,0,0,0,7,0,0,0,0,0,0,7
411435,202203,0,0,0,0,0,0,0,4,0,0,0,0,0,0,4
411440,202203,2,0,0,0,0,0,0,1,0,0,0,0,0,0,3
411510,202203,0,0,0,0,0,0,0,0,2,0,0,0,0,0,2
411540,202203,0,0,0,0,0,0,0,2,0,0,0,0,0,0,2
411760,202203,6,1,0,0,0,0,0,1,0,0,0,0,0,0,8
412440,202203,0,0,0,0,0,0,0,2,0,0,0,0,0,0,2
412740,202203,3,0,0,0,0,0,0,0,0,0,0,0,0,0,3
420850,202203,0,0,0,0,0,0,0,3,0,0,0,0,0,0,3
421450,202203,0,0,0,0,0,0,0,1,0,0,0,0,0,0,1
421935,202203,0,0,0,0,0,0,0,1,0,0,0,0,0,0,1
430063,202203,0,0,0,0,0,0,0,1,0,0,0,0,0,0,1
430190,202203,2,0,0,0,0,0,0,0,0,0,0,0,0,0,2
430350,202203,0,0,0,0,0,1,0,0,0,0,0,0,0,0,1
430471,202203,0,0,0,0,0,0,0,1,0,0,0,0,0,0,1
430545,202203,0,0,0,0,0,2,0,5,0,0,0,0,0,2,9
430605,202203,0,0,0,0,0,0,0,1,0,0,0,0,0,0,1
431177,202203,1,0,0,0,0,0,0,4,0,0,0,0,0,0,5
431590,202203,0,0,0,0,0,0,0,1,0,0,0,0,0,0,1
510160,202203,0,0,0,0,0,10,0,5,0,0,0,0,0,0,15
510325,202203,0,0,0,0,0,0,0,1,0,1,0,0,0,0,2
510335,202203,0,0,0,0,0,0,0,1,0,0,0,0,0,0,1
520010,202203,0,0,0,0,0,0,0,3,0,0,0,0,0,0,3
520030,202203,0,0,0,0,0,0,0,20,0,0,0,0,0,0,20
520549,202203,0,4,0,0,0,0,0,3,0,0,0,0,0,0,7
520551,202203,0,0,0,0,0,0,0,2,0,0,0,0,0,0,2
520552,202203,0,0,0,0,0,0,0,2,0,0,0,0,0,0,2
520580,202203,0,0,0,0,0,0,0,1,0,0,0,0,0,0,1
520620,202203,0,0,0,0,0,0,0,0,4,0,0,0,0,0,4
520800,202203,0,0,0,0,0,0,0,15,4,59,0,0,0,0,78
520940,202203,0,0,0,0,0,0,0,2,0,0,0,0,0,0,2
520990,202203,0,0,0,0,0,0,0,2,0,0,0,0,0,0,2
521523,202203,0,0,0,0,0,0,0,2,0,0,0,0,0,0,2
521730,202203,0,0,0,0,0,0,0,1,0,0,0,0,0,0,1
521975,202203,0,0,0,0,0,0,0,11,0,0,0,0,0,0,11
150130,202202,0,0,0,0,1,0,0,0,0,0,0,0,0,0,1
150320,202202,0,0,0,0,0,0,0,1,0,0,0,0,0,0,1
150548,202202,0,0,0,0,0,0,0,5,0,0,0,0,0,0,5
150580,202202,0,9,0,0,0,2,26,10,0,0,0,0,0,0,47
150650,202202,0,1,0,0,0,0,0,0,0,0,0,0,0,0,1
150660,202202,0,0,0,0,0,0,0,1,0,0,0,0,0,0,1
150710,202202,0,0,0,0,0,0,0,1,0,0,0,0,0,0,1
150715,202202,0,0,0,0,0,0,0,1,0,0,0,0,0,0,1
150740,202202,0,0,0,0,0,0,0,30,0,0,0,0,0,0,30
150746,202202,0,0,0,0,0,4,0,73,0,0,0,0,0,0,77
171280,202202,1,0,0,0,0,0,0,0,0,0,0,0,0,0,1
171820,202202,0,0,0,0,0,0,0,0,1,0,0,0,0,0,1
171850,202202,0,0,0,0,0,0,0,2,0,0,0,0,0,0,2
210020,202202,0,5,0,0,0,0,0,1,0,0,0,0,0,0,6
210060,202202,0,0,0,0,0,0,0,0,1,0,0,0,0,0,1
210170,202202,0,2,0,0,0,0,0,0,0,0,0,0,0,0,2
210190,202202,0,1,0,0,0,0,0,0,0,0,0,0,0,0,1
210193,202202,0,0,0,0,1,0,0,2,0,0,0,0,0,0,3
210200,202202,3,0,0,0,0,0,0,0,0,0,0,0,0,0,3
210203,202202,0,0,0,0,0,0,0,1,0,0,0,0,0,0,1
210207,202202,0,0,0,0,0,0,0,2,0,0,0,0,0,0,2
210235,202202,0,0,0,0,0,0,0,2,0,0,0,0,0,0,2
210270,202202,0,1,0,0,0,0,0,2,0,0,0,0,0,0,3
210330,202202,0,0,0,0,0,0,0,10,0,0,0,0,0,0,10
210370,202202,0,1,0,0,0,1,0,4,0,0,0,0,0,0,6
210375,202202,0,0,0,0,0,0,0,1,0,0,0,0,0,0,1
210455,202202,0,0,0,0,0,0,0,1,0,0,0,0,0,0,1
210490,202202,0,25,0,0,0,3,0,3,0,0,0,0,0,0,31
210530,202202,0,0,0,0,0,0,0,1,0,0,0,0,0,0,1
210550,202202,0,0,0,0,0,0,0,1,0,0,0,0,0,0,1
210650,202202,0,1,0,0,0,0,0,0,0,0,0,0,0,0,1
210690,202202,0,0,0,0,0,0,0,2,0,0,0,0,0,0,2
210720,202202,0,22,0,0,0,0,4,3,3,0,0,0,0,0,32
210810,202202,0,0,0,0,0,0,0,1,0,0,0,0,0,0,1
210830,202202,0,0,0,0,0,0,0,1,0,0,0,0,0,0,1
210840,202202,0,3,0,0,0,0,0,2,0,0,0,0,0,0,5
210845,202202,0,2,0,0,0,0,0,1,0,0,0,0,0,0,3
210920,202202,0,0,0,0,0,1,0,1,0,0,0,0,0,0,2
211020,202202,0,1,0,0,0,0,0,4,0,0,0,0,0,0,5
211130,202202,0,0,0,0,0,0,0,1,0,0,0,0,0,0,1
211178,202202,0,0,0,0,0,0,0,1,0,0,0,0,0,0,1
211210,202202,0,0,0,0,0,0,0,2,0,0,0,0,0,0,2
211260,202202,0,0,0,0,0,1,0,4,0,0,0,0,0,0,5
211270,202202,0,1,0,0,0,0,0,0,0,0,0,0,0,0,1
211280,202202,0,1,0,0,0,0,0,1,0,0,0,0,0,0,2
211300,202202,0,0,0,0,0,0,0,7,0,0,0,0,0,0,7
211400,202202,2,0,0,0,0,0,0,0,0,0,0,0,0,0,2
250550,202202,0,0,0,0,0,0,0,2,0,0,0,0,0,0,2
251680,202202,0,0,0,0,0,0,0,1,0,0,0,0,0,0,1
260010,202202,0,0,0,0,0,0,0,31,0,0,0,0,0,0,31
260960,202202,0,0,0,0,0,1,0,0,0,0,0,0,0,0,1
261070,202202,0,0,0,0,0,7,0,9,0,0,0,0,0,1,17
261120,202202,0,0,0,0,0,0,0,1,0,0,0,0,0,0,1
270040,202202,0,0,0,0,0,0,0,3,4,0,0,0,0,0,7
270080,202202,0,0,0,0,0,0,0,1,0,0,0,0,0,0,1
270170,202202,0,0,0,0,0,0,0,1,0,0,0,0,0,0,1
270300,202202,0,0,0,0,0,0,0,1,0,0,0,0,0,0,1
270510,202202,0,0,0,0,0,0,0,1,1,0,0,0,0,0,2
270630,202202,0,0,0,0,0,0,0,2,0,0,0,0,0,0,2
270850,202202,0,0,0,0,0,0,0,1,0,0,0,0,0,0,1
270930,202202,0,0,0,0,0,0,0,4,0,0,0,0,0,0,4
290405,202202,0,1,0,0,0,0,0,0,0,0,0,0,0,0,1
290590,202202,0,0,0,0,0,0,0,1,0,0,0,0,0,0,1
290600,202202,0,6,0,0,0,0,0,0,0,0,0,0,0,0,6
291300,202202,0,0,0,0,0,0,0,1,0,0,0,0,0,0,1
291750,202202,0,0,0,0,0,0,0,1,0,0,0,0,0,0,1
291840,202202,0,0,0,0,0,0,0,1,0,0,0,0,0,0,1
292140,202202,0,0,0,0,0,0,0,7,0,0,0,0,0,0,7
292170,202202,0,2,0,0,0,0,0,0,0,0,0,0,0,0,2
292335,202202,0,0,0,0,0,0,0,9,1,0,0,0,0,0,10
292600,202202,0,0,0,0,0,0,0,1,0,0,0,0,0,0,1
292690,202202,0,0,0,0,0,0,0,1,0,0,0,0,0,0,1
292980,202202,0,0,0,0,0,0,0,7,0,0,0,0,0,0,7
293010,202202,0,0,0,0,0,0,0,2,0,0,0,0,0,0,2
293020,202202,0,0,0,0,0,0,0,1,0,0,0,0,0,0,1
293245,202202,0,0,0,0,0,0,0,8,0,0,0,0,0,0,8
310520,202202,0,0,0,0,0,0,0,1,0,0,0,0,0,0,1
310665,202202,0,0,0,0,0,0,0,1,0,0,0,0,0,0,1
312800,202202,0,2,0,0,0,0,0,0,0,0,0,0,0,0,2
315057,202202,0,0,0,0,0,0,0,3,0,0,0,0,0,0,3
317000,202202,0,0,0,0,0,0,0,1,0,0,0,0,0,0,1
410090,202202,0,0,0,0,0,0,0,1,4,0,0,0,0,0,5
410290,202202,0,0,0,0,0,0,0,3,0,0,0,0,0,0,3
410310,202202,0,0,0,0,0,0,0,9,0,0,0,0,0,0,9
410440,202202,37,0,0,0,0,0,0,2,0,0,0,0,0,0,39
410490,202202,0,0,0,0,0,0,0,1,0,0,0,0,0,0,1
410520,202202,0,0,0,0,0,0,0,2,0,0,0,0,0,0,2
410570,202202,1,0,0,0,0,0,0,5,0,4,0,0,0,0,10
410600,202202,0,0,0,0,0,0,0,2,0,0,0,0,0,0,2
410645,202202,0,0,0,0,0,0,0,24,0,0,0,0,0,0,24
410650,202202,0,0,0,0,0,0,0,9,0,1,0,0,0,0,10
410660,202202,0,0,0,0,0,0,0,4,0,0,0,0,0,0,4
410715,202202,0,0,0,0,0,0,0,2,1,0,0,0,0,0,3
410773,202202,0,0,0,0,0,0,0,14,0,0,0,0,0,0,14
410880,202202,1,0,0,0,0,0,0,0,0,0,0,0,0,0,1
410895,202202,0,0,0,0,0,0,0,4,0,0,0,0,0,0,4
410965,202202,0,0,0,0,0,0,0,4,2,6,0,0,0,0,12
411020,202202,0,0,0,0,0,0,0,1,0,0,0,0,0,0,1
411070,202202,0,0,0,0,0,0,0,2,0,0,0,0,0,0,2
411320,202202,0,3,0,0,0,0,0,21,0,0,0,0,0,0,24
411345,202202,0,0,0,0,0,0,0,1,0,0,0,0,0,0,1
411430,202202,0,0,0,0,0,0,0,2,0,0,0,0,0,0,2
411440,202202,17,0,0,0,0,0,0,8,6,2,0,0,0,0,33
411510,202202,0,0,0,0,0,0,0,2,1,0,0,0,0,0,3
411705,202202,1,0,0,0,0,0,0,0,0,0,0,0,0,0,1
411727,202202,0,0,0,0,0,0,0,1,0,0,0,0,0,0,1
411930,202202,0,0,0,0,0,0,0,1,0,0,0,0,0,0,1
411940,202202,0,0,0,0,0,0,0,3,0,0,0,0,0,0,3
411960,202202,0,0,0,0,0,0,0,1,0,0,0,0,0,0,1
411970,202202,0,0,0,0,0,0,0,0,2,0,0,0,0,0,2
412125,202202,0,0,0,0,0,0,0,4,0,0,0,0,0,0,4
412170,202202,0,0,0,0,0,0,0,1,0,0,0,0,0,0,1
412217,202202,0,0,0,0,0,0,0,3,37,0,0,0,0,0,40
412250,202202,0,0,0,0,0,0,0,2,0,0,0,0,0,0,2
412310,202202,1,0,0,0,0,0,0,0,0,0,0,0,0,0,1
412470,202202,1,0,0,0,0,0,0,0,0,0,0,0,0,0,1
412510,202202,0,0,0,0,0,0,0,1,0,0,0,0,0,0,1
412620,202202,0,0,0,0,0,0,0,0,1,0,0,0,0,0,1
412700,202202,0,0,0,0,0,0,0,16,6,0,0,0,0,0,22
412863,202202,0,0,0,0,0,0,0,5,0,0,0,0,0,0,5
420285,202202,0,0,0,0,0,0,0,1,0,0,0,0,0,0,1
420517,202202,0,0,0,0,0,0,0,2,0,0,0,0,0,0,2
420555,202202,0,0,0,0,0,0,0,1,0,0,0,0,0,0,1
420768,202202,6,0,0,0,0,0,0,1,0,0,0,0,0,0,7
420915,202202,0,1,0,0,0,0,0,1,0,0,0,0,0,0,2
420950,202202,0,0,0,0,0,0,0,1,0,0,0,0,0,0,1
420990,202202,0,0,0,0,0,0,0,1,0,0,0,0,0,0,1
421200,202202,0,0,0,0,0,0,0,2,0,0,0,0,0,0,2
421223,202202,0,0,0,0,0,0,0,1,0,0,0,0,0,0,1
421250,202202,0,0,0,0,0,0,0,1,0,0,0,0,0,0,1
421400,202202,0,0,0,0,0,0,0,1,0,0,0,0,0,0,1
421410,202202,0,0,0,0,0,0,0,3,0,0,0,0,0,0,3
421415,202202,0,0,0,0,0,0,0,3,0,0,0,0,0,0,3
421450,202202,0,0,0,0,0,0,0,2,0,0,0,0,0,0,2
421507,202202,0,0,0,0,0,0,0,1,0,0,0,0,0,0,1
421670,202202,0,0,0,0,0,0,0,1,0,0,0,0,0,0,1
421825,202202,0,0,0,0,0,0,0,4,0,0,0,0,0,0,4
421935,202202,0,0,0,0,0,0,0,9,0,0,0,0,0,0,9
430190,202202,5,0,0,0,0,0,0,1,0,0,0,0,0,0,6
430300,202202,1,0,0,0,0,0,0,0,0,0,0,0,0,0,1
430350,202202,0,0,0,0,0,0,0,3,0,0,0,0,0,0,3
430471,202202,1,0,0,0,0,0,0,17,0,0,0,0,0,0,18
430517,202202,0,2,0,0,0,0,0,2,0,0,0,0,0,0,4
430535,202202,3,0,0,0,0,0,0,1,0,0,0,0,0,0,4
430537,202202,1,0,0,0,0,0,0,0,0,0,0,0,0,0,1
430545,202202,0,0,0,0,0,0,0,1,0,0,0,0,0,0,1
430605,202202,0,1,0,0,0,0,0,2,0,0,0,0,0,0,3
430710,202202,0,0,0,0,0,0,0,0,1,0,1,0,0,0,2
431350,202202,0,0,0,0,0,0,0,1,0,0,0,0,0,0,1
431460,202202,0,0,0,0,0,0,0,0,1,0,0,0,0,0,1
431697,202202,0,0,0,0,0,0,0,1,1,0,0,0,0,0,2
431710,202202,0,0,0,0,0,0,0,0,4,0,0,0,0,0,4
431760,202202,0,0,0,0,0,0,0,29,0,0,0,0,0,0,29
431830,202202,0,0,0,0,0,0,0,0,1,0,0,0,0,0,1
432120,202202,0,0,0,0,0,0,0,1,0,0,0,0,0,0,1
510035,202202,3,0,0,0,0,0,0,0,0,0,0,0,0,0,3
510340,202202,0,0,0,0,0,0,0,2,0,0,0,0,0,0,2
510677,202202,4,0,0,0,0,0,0,3,0,0,0,0,0,0,7
510777,202202,0,0,0,0,0,0,0,4,0,0,0,0,0,0,4
510785,202202,0,0,0,0,0,0,0,0,1,0,0,0,0,0,1
510795,202202,0,0,0,0,0,0,0,2,0,0,0,0,0,0,2
510840,202202,0,0,0,0,0,0,0,2,0,0,0,0,0,0,2
520010,202202,0,0,0,0,0,0,0,8,0,0,0,0,0,0,8
520017,202202,0,0,0,0,0,0,0,4,1,0,0,0,0,0,5
520025,202202,0,0,0,0,0,0,0,8,0,0,0,0,0,0,8
520030,202202,0,0,0,0,0,0,0,1,0,0,0,0,0,0,1
520060,202202,0,0,0,0,0,0,0,0,1,0,0,0,0,0,1
520080,202202,0,0,0,0,0,0,0,6,4,1,0,0,0,0,11
520320,202202,0,6,0,0,0,0,0,3,0,1,0,0,0,0,10
520396,202202,0,0,0,0,0,0,0,2,0,0,0,0,0,0,2
520470,202202,0,0,0,0,0,0,0,1,0,0,0,0,0,0,1
520490,202202,0,0,0,0,0,0,0,1,0,0,0,0,0,0,1
520530,202202,0,4,0,0,0,0,0,1,1,0,0,0,0,0,6
520549,202202,0,4,0,0,0,0,0,9,0,0,0,0,0,0,13
520551,202202,0,0,0,0,0,0,0,0,2,0,0,0,0,0,2
520552,202202,0,0,0,0,0,0,0,18,0,0,0,0,0,0,18
520620,202202,0,0,0,0,0,0,0,13,66,1,0,0,0,1,81
520670,202202,0,0,0,0,0,0,0,6,0,0,0,0,0,0,6
520753,202202,0,0,0,0,0,0,0,0,1,0,0,0,0,0,1
520790,202202,0,0,0,0,0,0,0,0,3,0,0,0,0,0,3
520800,202202,0,0,0,0,0,0,0,0,1,0,0,0,0,0,1
520830,202202,0,0,0,0,0,0,0,2,0,0,0,0,0,0,2
520860,202202,0,0,0,0,0,0,0,1,2,0,0,0,0,0,3
520940,202202,0,0,0,0,0,0,0,5,0,0,0,0,0,0,5
521250,202202,0,0,0,0,0,0,0,37,0,0,0,0,0,0,37
521270,202202,0,0,0,0,0,0,0,4,0,0,0,0,0,0,4
521305,202202,0,4,0,0,0,0,0,3,0,0,0,0,0,0,7
521350,202202,0,1,0,0,0,0,0,0,0,0,0,0,0,0,1
521410,202202,0,0,0,0,0,0,0,1,0,0,0,0,0,0,1
521523,202202,0,0,0,0,0,0,0,4,0,0,0,0,0,0,4
521730,202202,0,0,0,0,0,0,0,30,0,0,0,0,0,0,30
521760,202202,0,0,0,0,0,0,0,1,0,0,0,0,0,0,1
521830,202202,0,1,0,0,0,0,0,0,0,0,0,0,0,0,1
521970,202202,0,0,0,0,0,0,0,4,0,0,0,0,0,0,4
521975,202202,0,0,0,0,0,0,0,27,0,0,0,0,0,0,27
521980,202202,0,0,0,0,0,0,0,1,0,0,0,0,0,0,1
522000,202202,0,1,0,0,0,0,0,5,4,0,0,0,0,0,10
522070,202202,0,0,0,0,0,0,0,15,0,0,0,0,0,0,15
522108,202202,0,7,0,0,0,0,0,1,0,0,0,0,0,0,8
522220,202202,0,0,0,0,0,0,0,0,1,0,0,0,0,0,1
522230,202202,0,1,0,0,0,0,0,0,0,0,0,0,0,0,1
530010,202202,0,0,0,0,0,0,0,33,8,0,0,0,0,0,41
150260,202201,0,0,0,0,0,0,0,1,0,0,0,0,0,0,1
150660,202201,0,0,0,0,0,0,0,3,0,0,0,0,0,0,3
150710,202201,0,0,0,0,0,0,0,1,0,0,0,0,0,0,1
170380,202201,0,0,0,0,0,0,0,1,0,0,0,0,0,0,1
172110,202201,2,0,0,0,0,0,0,1,0,0,0,0,0,0,3
210020,202201,0,39,0,0,0,1,0,5,0,0,0,0,0,0,45
210060,202201,0,0,0,0,0,0,0,1,0,0,0,0,0,0,1
210140,202201,0,0,0,0,0,0,0,3,0,0,0,0,0,0,3
210177,202201,0,0,0,0,0,0,0,1,0,0,0,0,0,0,1
210190,202201,0,1,0,0,0,0,0,0,0,0,0,0,0,0,1
210200,202201,6,0,0,0,0,0,0,0,0,0,0,0,0,0,6
210207,202201,0,0,0,0,1,0,0,7,0,0,0,0,0,0,8
210235,202201,0,0,0,0,0,0,0,14,0,0,0,0,0,0,14
210270,202201,0,10,0,0,0,0,0,13,0,0,0,0,0,0,23
210317,202201,9,0,0,0,0,0,0,0,0,0,0,0,0,0,9
210325,202201,0,0,0,0,0,0,0,1,0,0,0,0,0,0,1
210330,202201,0,4,0,0,0,0,0,20,0,0,0,0,0,0,24
210370,202201,0,3,0,0,0,8,0,11,0,0,0,0,0,0,22
210375,202201,0,0,0,0,0,0,0,3,0,0,0,0,0,0,3
210455,202201,0,0,0,0,0,0,0,1,0,0,0,0,0,0,1
210540,202201,0,0,0,0,0,0,0,1,0,0,0,0,0,0,1
210810,202201,0,0,0,0,0,0,0,9,0,0,0,0,0,0,9
210840,202201,0,17,0,0,0,2,0,4,0,0,0,0,0,0,23
210850,202201,0,1,0,0,0,0,0,0,0,0,0,0,0,0,1
210920,202201,0,2,0,0,0,1,0,8,0,0,0,0,0,0,11
211020,202201,0,2,0,0,0,1,0,1,0,0,0,0,0,0,4
211260,202201,0,0,0,0,5,5,0,20,0,0,0,0,0,0,30
211270,202201,0,2,0,0,0,0,0,0,0,0,0,0,0,0,2
211400,202201,2,0,0,0,0,0,0,0,0,0,0,0,0,0,2
250430,202201,0,0,0,0,0,0,0,3,0,0,0,0,0,0,3
250550,202201,0,0,0,0,0,0,0,16,0,0,0,0,0,0,16
251680,202201,0,0,0,0,0,0,0,3,0,0,0,0,0,0,3
260730,202201,0,0,0,0,0,0,0,1,0,0,0,0,0,0,1
261420,202201,0,0,0,0,0,0,0,1,0,0,0,0,0,0,1
290040,202201,0,0,0,0,0,0,0,3,0,0,0,0,0,0,3
290210,202201,0,0,0,0,0,0,0,7,0,0,0,0,0,0,7
290380,202201,0,0,0,0,0,0,0,3,1,0,0,0,0,0,4
290450,202201,0,0,0,0,0,0,0,4,0,0,0,0,0,0,4
290500,202201,0,0,0,0,0,0,0,8,0,0,0,0,0,0,8
290520,202201,0,1,0,0,0,0,0,3,0,0,0,0,0,0,4
290570,202201,0,0,0,0,0,0,0,3,0,0,0,0,0,0,3
290580,202201,0,0,0,0,0,0,0,9,1,0,0,0,0,0,10
290600,202201,0,9,0,0,0,0,0,8,0,0,0,0,0,0,17
290650,202201,0,0,0,0,0,0,0,10,0,0,0,0,0,0,10
290820,202201,0,0,0,0,0,0,0,5,0,0,0,0,0,0,5
290980,202201,0,0,0,0,0,0,0,3,0,0,0,0,0,0,3
291080,202201,0,0,0,0,0,0,0,5,0,0,0,0,0,0,5
291160,202201,0,0,0,0,0,0,0,13,0,0,0,0,0,0,13
291200,202201,0,0,0,0,0,0,0,3,0,0,0,0,0,0,3
291320,202201,0,0,0,0,0,0,0,2,0,0,0,0,0,0,2
291330,202201,0,0,0,0,0,0,0,12,0,0,0,0,0,0,12
291345,202201,0,0,0,0,0,0,0,2,0,0,0,0,0,0,2
291450,202201,0,0,0,0,0,0,0,3,0,0,0,0,0,0,3
291500,202201,0,0,0,0,0,0,0,4,0,0,0,0,0,0,4
291610,202201,0,0,0,0,0,2,0,4,0,0,0,0,0,0,6
291840,202201,0,0,0,0,0,0,0,2,0,0,0,0,0,0,2
291992,202201,0,0,0,0,0,1,0,0,0,0,0,0,0,0,1
292100,202201,0,0,0,0,0,0,0,1,0,0,0,0,0,0,1
292230,202201,0,3,0,0,0,0,0,4,0,0,0,0,0,0,7
292260,202201,0,0,0,0,0,0,0,2,0,0,0,0,0,0,2
292285,202201,0,0,0,0,0,0,0,4,0,0,0,0,0,0,4
292370,202201,0,0,0,0,0,0,0,10,0,0,0,0,0,0,10
292450,202201,0,0,0,0,0,0,0,10,0,0,0,0,0,0,10
292600,202201,0,0,0,0,0,0,0,4,0,0,0,0,0,0,4
292640,202201,0,7,0,0,0,0,0,1,0,0,0,0,0,0,8
292680,202201,0,0,0,0,0,0,0,7,0,0,0,0,0,0,7
292750,202201,0,0,0,0,0,0,0,5,0,0,0,0,0,0,5
292800,202201,0,0,0,0,0,0,0,5,0,0,0,0,0,0,5
292830,202201,0,0,0,0,0,0,0,3,0,0,0,0,0,0,3
292910,202201,0,0,0,0,0,0,0,2,0,0,0,0,0,0,2
292920,202201,0,0,0,0,0,0,0,1,0,0,0,0,0,0,1
292960,202201,0,0,0,0,0,0,0,12,0,0,0,0,0,0,12
292980,202201,0,0,0,0,0,0,0,1,0,0,0,0,0,0,1
293015,202201,0,1,0,0,0,0,0,3,0,0,0,0,0,0,4
293020,202201,0,0,0,0,0,1,0,4,0,0,0,0,0,0,5
293050,202201,0,1,0,0,0,0,0,10,0,0,0,0,0,0,11
293080,202201,0,0,0,0,0,0,0,3,0,0,0,0,0,0,3
293120,202201,0,0,0,0,0,0,0,2,0,0,0,0,0,0,2
293150,202201,0,0,0,0,0,0,0,12,0,0,0,0,0,0,12
293340,202201,0,0,0,0,0,0,0,1,0,0,0,0,0,0,1
293350,202201,0,3,0,0,0,0,0,5,0,1,0,0,0,0,9
310060,202201,0,0,0,0,0,0,0,1,0,0,0,0,0,0,1
311350,202201,0,0,0,0,0,0,0,4,0,0,0,0,0,0,4
312800,202201,0,1,0,0,0,0,0,2,0,0,0,0,0,0,3
313865,202201,0,0,0,0,0,0,0,1,0,0,0,0,0,0,1
314020,202201,0,0,0,0,0,0,0,2,0,0,0,0,0,0,2
316330,202201,0,0,0,0,0,0,0,1,0,0,0,0,0,0,1
420213,202201,0,0,0,0,0,0,0,2,0,0,0,0,0,0,2
420325,202201,0,0,0,0,0,0,0,1,0,0,0,0,0,0,1
420417,202201,0,0,0,0,0,0,0,1,0,0,0,0,0,0,1
420420,202201,1,0,0,0,0,0,0,0,0,0,0,0,0,0,1
420480,202201,0,0,0,0,0,0,0,0,1,0,0,0,0,0,1
420500,202201,0,0,0,0,0,0,0,1,0,0,0,0,0,0,1
420660,202201,0,0,0,0,0,0,0,0,0,0,0,0,0,1,1
420665,202201,0,0,0,0,0,0,0,1,0,0,0,0,0,0,1
420690,202201,0,0,0,0,0,0,0,6,0,0,0,0,0,0,6
420720,202201,1,0,0,0,0,0,0,3,0,0,0,0,0,0,4
420768,202201,7,0,0,0,0,0,0,1,0,0,0,0,0,0,8
420970,202201,0,0,0,0,0,0,0,2,0,0,0,0,0,0,2
421010,202201,0,0,0,0,0,0,0,1,0,0,0,0,0,0,1
421180,202201,0,0,0,0,0,0,0,1,0,0,0,0,0,0,1
421185,202201,0,0,0,0,0,0,0,1,0,0,0,0,0,0,1
421230,202201,0,0,0,0,0,0,0,2,0,0,0,0,0,0,2
421315,202201,0,0,0,0,0,0,0,1,0,0,0,0,0,0,1
421450,202201,0,0,0,0,0,0,0,6,0,0,0,0,0,0,6
421460,202201,0,0,0,0,0,0,0,1,0,0,0,0,0,0,1
421505,202201,0,0,0,0,0,0,0,1,0,0,0,0,0,0,1
421507,202201,0,0,0,0,0,0,0,2,0,0,0,0,0,0,2
421670,202201,0,0,0,0,0,0,0,4,0,0,0,0,0,0,4
421825,202201,0,0,0,0,0,0,0,16,0,0,0,0,0,0,16
421860,202201,0,0,0,0,0,0,0,2,0,0,0,0,0,0,2
421920,202201,0,0,0,0,0,0,0,1,0,0,0,0,0,0,1
421935,202201,1,0,0,0,0,0,0,0,0,0,0,0,0,0,1
430190,202201,0,0,0,0,0,0,0,1,0,0,0,0,0,0,1
430350,202201,3,0,0,0,0,1,0,3,0,0,0,0,0,0,7
430471,202201,0,0,0,0,0,0,0,2,0,0,0,0,0,0,2
430517,202201,0,0,0,0,0,0,0,9,0,0,0,0,0,0,9
430537,202201,1,0,0,0,0,0,0,0,0,0,0,0,0,0,1
430545,202201,0,0,0,0,0,1,0,0,0,0,0,0,0,0,1
430605,202201,0,1,0,0,0,0,0,5,0,0,0,0,0,0,6
430660,202201,0,0,0,0,0,0,0,1,0,0,0,0,0,0,1
430710,202201,0,0,0,0,0,0,0,0,1,0,0,0,0,0,1
430912,202201,1,0,0,0,0,0,0,0,0,0,0,0,0,0,1
431085,202201,0,0,0,0,0,0,0,1,0,0,0,0,0,0,1
431125,202201,0,0,0,0,0,0,0,1,0,0,0,0,0,0,1
431177,202201,0,0,0,0,0,0,0,1,0,0,0,0,0,0,1
431250,202201,0,0,0,0,0,0,0,1,0,0,0,0,0,0,1
431270,202201,0,0,0,0,0,0,0,1,0,0,0,0,0,0,1
431350,202201,0,0,0,0,0,0,0,4,0,0,0,0,0,0,4
431365,202201,0,0,0,0,0,1,0,0,0,0,0,0,0,0,1
431710,202201,0,0,0,0,0,0,0,1,2,0,0,0,0,0,3
431830,202201,0,0,0,0,0,0,0,0,1,0,0,0,0,0,1
432035,202201,0,0,0,0,0,0,0,1,0,0,0,0,0,0,1
432120,202201,0,0,0,0,0,0,0,1,0,0,0,0,0,0,1
432350,202201,0,0,0,0,0,0,0,1,0,0,0,0,0,0,1
510035,202201,16,0,0,0,0,0,0,4,0,0,0,0,0,0,20
510325,202201,0,0,0,0,0,0,0,3,0,0,0,0,0,0,3
510340,202201,0,0,0,0,0,0,0,5,0,0,0,0,0,0,5
510385,202201,0,0,0,0,0,0,0,0,1,0,0,0,0,0,1
510562,202201,0,0,0,0,0,0,0,1,5,0,0,0,0,0,6
510677,202201,11,0,0,0,0,1,0,8,0,0,0,0,0,0,20
510777,202201,0,0,0,0,0,1,0,12,0,0,0,0,0,0,13
510840,202201,0,0,0,0,0,0,0,5,0,0,0,0,0,0,5